<?xml version="1.0" encoding="utf-8"?>
<!--
/**
 * @copyright	Copyright (c) 2013 Contact Form Enhancer. All rights reserved.
 * @license		GNU General Public License version 2 or later; see LICENSE.txt
 */
-->
<extension type="plugin" version="3.0" group="system" method="upgrade">
	<name>PLG_SYSTEM_CONTACTFORMENHANCER</name>
	<author>Peter Macej (Helixoft)</author>
	<creationDate>February 2015</creationDate>
	<copyright>Copyright (c) 2015 Peter Macej. All rights reserved.</copyright>
	<license>GNU General Public License version 2 or later; see LICENSE.txt</license>
	<authorEmail></authorEmail>
	<authorUrl></authorUrl>
	<version>1.0.3</version>
	<description>PLG_SYSTEM_CONTACTFORMENHANCER_DESCR</description>

	<updateservers>
		<server type="extension" priority="2" name="Contact Form Enhancer's Updates">https://github.com/PeterMacej/contactform_enh/raw/master/server/plg_contactformenhancer_update.xml</server>
	</updateservers>

	<scriptfile>contactformenhancer.script.php</scriptfile>
	
	<files>
		<filename plugin="contactformenhancer">contactformenhancer.php</filename>
		<filename>index.html</filename>
		<folder>override</folder>
		<folder>language</folder>
	</files>

	<config>
		<fields name="params">
			<fieldset name="basic">

				<field name="allowBackslash"
					type="list"
					default="1" 
					label="PLG_SYSTEM_CONTACTFORMENHANCER_ALLOW_BACKSLASH"
					description="PLG_SYSTEM_CONTACTFORMENHANCER_ALLOW_BACKSLASH_DESCR">
					<option value="1">PLG_SYSTEM_CONTACTFORMENHANCER_YES</option>
					<option value="0">PLG_SYSTEM_CONTACTFORMENHANCER_NO</option>
				</field>

				<field name="supressThankYouMessage"
					type="list"
					default="0" 
					label="PLG_SYSTEM_CONTACTFORMENHANCER_SUPRESS_THANKYOU"
					description="PLG_SYSTEM_CONTACTFORMENHANCER_SUPRESS_THANKYOU_DESCR">
					<option value="1">PLG_SYSTEM_CONTACTFORMENHANCER_YES</option>
					<option value="0">PLG_SYSTEM_CONTACTFORMENHANCER_NO</option>
				</field>

			
				<field type="spacer"
					 name="contactMailSpacer"
					 label="PLG_SYSTEM_CONTACTFORMENHANCER_EMAIL_GROUP"
				/>
				
				<field name="sendCustomEmail"
					type="list"
					default="1" 
					label="PLG_SYSTEM_CONTACTFORMENHANCER_EMAIL_FORMAT"
					description="PLG_SYSTEM_CONTACTFORMENHANCER_EMAIL_FORMAT_DESCR">
					<option value="0">PLG_SYSTEM_CONTACTFORMENHANCER_EMAIL_FORMAT_DEFAULT</option>
					<option value="1">PLG_SYSTEM_CONTACTFORMENHANCER_EMAIL_FORMAT_CUSTOM</option>
				</field>
				
				<field name="customSubject"
					type="text"
					default="%FORM_SUBJECT%"
					label="PLG_SYSTEM_CONTACTFORMENHANCER_CUSTOM_SUBJECT"
					description="PLG_SYSTEM_CONTACTFORMENHANCER_CUSTOM_SUBJECT_DESCR"
				/>

				<field name="customFromName"
					type="text"
					default="%FORM_NAME%"
					label="PLG_SYSTEM_CONTACTFORMENHANCER_CUSTOM_FROMNAME"
					description="PLG_SYSTEM_CONTACTFORMENHANCER_CUSTOM_FROMNAME_DESCR"
				/>

				<field name="customFromEmail"
					type="text"
					default="%FORM_EMAIL%"
					label="PLG_SYSTEM_CONTACTFORMENHANCER_CUSTOM_FROMEMAIL"
					description="PLG_SYSTEM_CONTACTFORMENHANCER_CUSTOM_FROMEMAIL_DESCR"
				/>

				<field name="customReplytoName"
					type="text"
					default=""
					label="PLG_SYSTEM_CONTACTFORMENHANCER_CUSTOM_REPLYTONAME"
					description="PLG_SYSTEM_CONTACTFORMENHANCER_CUSTOM_REPLYTONAME_DESCR"
				/>

				<field name="customReplytoEmail"
					type="text"
					default=""
					label="PLG_SYSTEM_CONTACTFORMENHANCER_CUSTOM_REPLYTOEMAIL"
					description="PLG_SYSTEM_CONTACTFORMENHANCER_CUSTOM_REPLYTOEMAIL_DESCR"
				/>

				<field name="customMessage"
					type="textarea"
					translate_default="true"
					default="This is an enquiry email via %SITE_URL%&#13;&#10;&#13;&#10;%FORM_MESSAGE%"
					label="PLG_SYSTEM_CONTACTFORMENHANCER_CUSTOM_MESSAGE"
					description="PLG_SYSTEM_CONTACTFORMENHANCER_CUSTOM_MESSAGE_DESCR"
					rows="10"
					cols="35"
					filter="raw"
				/>


				<field type="spacer"
					 name="copyMailSpacer"
					 label="PLG_SYSTEM_CONTACTFORMENHANCER_COPY_EMAIL_GROUP"
				/>
				
				<field name="sendCustomCopyEmail"
					type="list"
					default="1" 
					label="PLG_SYSTEM_CONTACTFORMENHANCER_COPY_EMAIL_FORMAT"
					description="PLG_SYSTEM_CONTACTFORMENHANCER_EMAIL_FORMAT_DESCR">
					<option value="0">PLG_SYSTEM_CONTACTFORMENHANCER_EMAIL_FORMAT_DEFAULT</option>
					<option value="1">PLG_SYSTEM_CONTACTFORMENHANCER_EMAIL_FORMAT_CUSTOM</option>
				</field>
				
				<field name="customCopySubject"
					type="text"
					default="Copy of: %FORM_SUBJECT%"
					label="PLG_SYSTEM_CONTACTFORMENHANCER_CUSTOM_COPY_SUBJECT"
					description="PLG_SYSTEM_CONTACTFORMENHANCER_CUSTOM_COPY_SUBJECT_DESCR"
				/>

				<field name="customCopyMessage"
					type="textarea"
					translate_default="true"
					default="This is a copy of the following message you sent to %SITE_NAME%&#13;&#10;&#13;&#10;This is an enquiry email via %SITE_URL%&#13;&#10;&#13;&#10;%FORM_MESSAGE%"
					label="PLG_SYSTEM_CONTACTFORMENHANCER_CUSTOM_COPY_MESSAGE"
					description="PLG_SYSTEM_CONTACTFORMENHANCER_CUSTOM_COPY_MESSAGE_DESCR"
					rows="10"
					cols="35"
					filter="raw"
				/>

				<field type="spacer"
					 name="helpSpacer"
					 label="PLG_SYSTEM_CONTACTFORMENHANCER_HELP"
				/>
				
			</fieldset>
		</fields>
	</config>
</extension>